"baby_id","ID_testdate","gender","study_name","age_days","age_months_binned","age_continuous","lang_group","lang_exp_eng","lang_exp_fre","lang_exp_other","lang_dom","cdi_filled_by","both_cdi_filled","required_cdi_filled","eng_cdi_filled","fre_cdi_filled","dom_cdi_filled","cdi_available","number_of_te","eng_unique_words","fre_unique_words","date_of_test","visit_num","multiple_visits","total_keeper_visits","years_education","firstborn","balance","balance_group","participant_id","exclude.language","exclude.age","concept_vocab","total_words_eng","total_words_fre","word_vocab","age_month_decimal","BalanceGroup_byExposure","TotalNW_Dom_exposure","TotalNW_NonDom_exposure","Dom_unique_words_exposure","NonDom_unique_words_exposure","LangDom_vocab","TotalNW_Dom","TotalNW_NonDom","Dom_unique_words","NonDom_unique_words","TotalUnique","balance_vocab","propTE","propTE_CDI"
"347","347_2011-12-12","M","Prime24",668,21,21.96,"bilingual",39,61,0,"French","Mother","Y","Y","Y","Y","Y","bothFilled",29,35,34,2011-12-12,1,FALSE,1,16,"n",39,"60_40",166,0,0,98,64,63,127,22.2666666666667,"60_40",63,64,34,35,"English",64,63,35,34,69,0.503937007874016,0.456692913385827,0.0431547619047619
"397","397_2012-02-05","M","Mix20",641,21,21.07,"bilingual",55,45,0,"English","Mother","Y","Y","Y","Y","Y","bothFilled",16,15,12,2012-02-05,1,TRUE,2,21,"y",45,"50_50",153,0,0,43,31,28,59,21.3666666666667,"50_50",31,28,15,12,"English",31,28,15,12,27,0.525423728813559,0.542372881355932,0.0238095238095238
"404","404_2012-02-05","M","Mix20",639,21,21.01,"bilingual",26,74,0,"French","Mother","Y","Y","Y","Y","Y","bothFilled",114,15,219,2012-02-05,1,TRUE,2,16,"y",26,"70_30",294,0,0,348,129,333,462,21.3,"80_20",333,129,219,15,"French",333,129,219,15,234,0.720779220779221,0.493506493506494,0.169642857142857
"351","351_2012-02-25","F","Mix20",620,20,20.38,"bilingual",67,34,0,"English","Father","Y","Y","Y","Y","Y","bothFilled",7,7,22,2012-02-25,1,FALSE,1,16,"y",33.5,"60_40",217,0,0,36,14,29,43,20.6666666666667,"70_30",14,29,7,22,"French",29,14,22,7,29,0.674418604651163,0.325581395348837,0.0104166666666667
"843","843_2012-03-03","F","BiAEM22",674,22,22.16,"bilingual",26,74,0,"French","Mother and Father","Y","Y","Y","Y","Y","bothFilled",82,148,35,2012-03-03,1,FALSE,1,NA,"y",26,"70_30",165,0,0,265,230,117,347,22.4666666666667,"80_20",117,230,35,148,"English",230,117,148,35,183,0.662824207492795,0.472622478386167,0.12202380952381
"180","180_2012-03-03","M","Mix20",632,20,20.78,"bilingual",54.5,45.5,0,"English","Mother","Y","Y","Y","Y","Y","bothFilled",32,58,23,2012-03-03,1,FALSE,1,18,"n",45.5,"50_50",603,0,0,113,90,55,145,21.0666666666667,"50_50",90,55,58,23,"English",90,55,58,23,81,0.620689655172414,0.441379310344828,0.0476190476190476
"781","781_2012-03-10","F","BiAEM22",690,22,22.68,"bilingual",60,40,0,"English","Mother","Y","Y","Y","Y","Y","bothFilled",9,53,29,2012-03-10,1,FALSE,1,NA,"n",40,"60_40",480,0,0,91,62,38,100,23,"60_40",62,38,53,29,"English",62,38,53,29,82,0.62,0.18,0.0133928571428571
"1072","1072_2012-03-19","F","Mix20",657,21,21.6,"bilingual",50,50,0,"French",NA,"Y","Y","Y","Y","Y","bothFilled",120,86,90,2012-03-19,1,FALSE,1,18,"n",50,"50_50",391,0,0,296,206,210,416,21.9,"50_50",210,206,90,86,"French",210,206,90,86,176,0.504807692307692,0.576923076923077,0.178571428571429
"1411","1411_2012-03-24","F","BiAEM22",685,22,22.52,"bilingual",49,51,0,"French","Mother","Y","Y","Y","Y","Y","bothFilled",224,127,88,2012-03-24,1,TRUE,2,16,"y",49,"50_50",196,0,0,439,351,312,663,22.8333333333333,"50_50",312,351,88,127,"English",351,312,127,88,215,0.529411764705882,0.675716440422323,0.333333333333333
"907","907_2012-03-31","M","Mix20",638,20,20.98,"bilingual",68,32,0,"English",NA,"Y","Y","Y","Y","Y","bothFilled",9,50,5,2012-03-31,1,FALSE,1,16,"n",32,"60_40",178,0,0,64,59,14,73,21.2666666666667,"70_30",59,14,50,5,"English",59,14,50,5,55,0.808219178082192,0.246575342465753,0.0133928571428571
"908","908_2012-03-31","F","Mix20",638,20,20.98,"bilingual",68,32,0,"English",NA,"Y","Y","Y","Y","Y","bothFilled",15,51,16,2012-03-31,1,FALSE,1,16,"n",32,"60_40",362,0,0,82,66,31,97,21.2666666666667,"70_30",66,31,51,16,"English",66,31,51,16,67,0.680412371134021,0.309278350515464,0.0223214285714286
"711","711_2012-04-10","F","Mix20",642,21,21.11,"bilingual",73,27,0,"English",NA,"Y","Y","Y","Y","Y","bothFilled",113,225,16,2012-04-10,1,FALSE,1,NA,"y",27,"70_30",286,0,0,354,338,129,467,21.4,"80_20",338,129,225,16,"English",338,129,225,16,241,0.723768736616702,0.483940042826552,0.168154761904762
"712","712_2012-04-10","F","Mix20",642,21,21.11,"bilingual",73,27,0,"English",NA,"Y","Y","Y","Y","Y","bothFilled",112,227,16,2012-04-10,1,FALSE,1,NA,"y",27,"70_30",121,0,0,355,339,128,467,21.4,"80_20",339,128,227,16,"English",339,128,227,16,243,0.725910064239829,0.4796573875803,0.166666666666667
"108","108_2012-05-10","F","Mix20",640,21,21.04,"bilingual",63.5,36.5,0,"English","Mother","Y","Y","Y","Y","Y","bothFilled",23,71,9,2012-05-10,1,TRUE,2,18,"n",36.5,"60_40",244,0,0,103,94,32,126,21.3333333333333,"70_30",94,32,71,9,"English",94,32,71,9,80,0.746031746031746,0.365079365079365,0.0342261904761905
"1411","1411_2012-05-12","F","Prime24",734,24,24.13,"bilingual",43,57,0,"French","Father","Y","Y","Y","Y","Y","bothFilled",338,193,45,2012-05-12,2,TRUE,2,18,"y",43,"50_50",196,0,0,576,531,383,914,24.4666666666667,"60_40",383,531,45,193,"English",531,383,193,45,238,0.580962800875274,0.739606126914661,0.50297619047619
"397","397_2012-07-31","M","BiAEM26",818,26,26.89,"bilingual",57,42,1,"English",NA,"Y","Y","Y","Y","Y","bothFilled",31,46,27,2012-07-31,2,TRUE,2,21,"y",42.5,"50_50",153,0,0,104,77,58,135,27.2666666666667,"60_40",77,58,46,27,"English",77,58,46,27,73,0.57037037037037,0.459259259259259,0.0461309523809524
"1798","1798_2012-08-03","F","Mix20",589,19,19.36,"bilingual",50,50,0,"English","Mother","Y","Y","Y","Y","Y","bothFilled",57,78,38,2012-08-03,1,FALSE,1,16,"n",50,"50_50",599,0,0,173,135,95,230,19.6333333333333,"50_50",135,95,78,38,"English",135,95,78,38,116,0.58695652173913,0.495652173913044,0.0848214285714286
"1885","1885_2012-08-03","F","Mix20",598,19,19.66,"bilingual",60,40,0,"English",NA,"Y","Y","Y","Y","Y","bothFilled",19,25,16,2012-08-03,1,TRUE,3,16,"y",40,"60_40",547,0,0,60,44,35,79,19.9333333333333,"60_40",44,35,25,16,"English",44,35,25,16,41,0.556962025316456,0.481012658227848,0.0282738095238095
"344","344_2012-08-03","F","Mix20",624,20,20.52,"bilingual",52,48,0,"English",NA,"Y","Y","Y","Y","Y","bothFilled",178,420,28,2012-08-03,1,FALSE,1,15,"n",48,"50_50",224,0,0,626,598,206,804,20.8,"50_50",598,206,420,28,"English",598,206,420,28,448,0.743781094527363,0.442786069651741,0.264880952380952
"536","536_2012-08-05","F","BiAEM26",826,27,27.16,"bilingual",29,63,9,"French",NA,"Y","Y","Y","Y","Y","bothFilled",57,4,358,2012-08-05,1,FALSE,1,18,"n",33,"60_40",611,0,0,419,61,415,476,27.5333333333333,"70_30",415,61,358,4,"French",415,61,358,4,362,0.871848739495798,0.239495798319328,0.0848214285714286
"1877","1877_2012-08-05","M","Mix20",601,19,19.76,"bilingual",43.5,56.5,0,"French",NA,"Y","Y","Y","Y","Y","bothFilled",6,2,19,2012-08-05,1,FALSE,1,18,"n",43.5,"50_50",302,0,0,27,8,25,33,20.0333333333333,"60_40",25,8,19,2,"French",25,8,19,2,21,0.757575757575758,0.363636363636364,0.00892857142857143
"1542","1542_2012-08-06","M","Mix20",612,20,20.12,"bilingual",62,38,0,"English",NA,"Y","Y","Y","Y","Y","bothFilled",12,34,10,2012-08-06,1,FALSE,1,18,"y",38,"60_40",364,0,0,56,46,22,68,20.4,"60_40",46,22,34,10,"English",46,22,34,10,44,0.676470588235294,0.352941176470588,0.0178571428571429
"1894","1894_2012-08-08","M","Mix20",601,19,19.76,"bilingual",27,74,0,"French","Mother","Y","Y","Y","Y","Y","bothFilled",8,7,11,2012-08-08,1,FALSE,1,16,"n",26.5,"70_30",365,0,0,26,15,19,34,20.0333333333333,"80_20",19,15,11,7,"French",19,15,11,7,18,0.558823529411765,0.470588235294118,0.0119047619047619
"442","442_2012-08-11","F","BiAEM26",815,26,26.79,"bilingual",53,45,2,"English",NA,"Y","Y","Y","Y","Y","bothFilled",241,178,76,2012-08-11,1,FALSE,1,NA,"y",46,"50_50",90,0,0,495,419,317,736,27.1666666666667,"50_50",419,317,178,76,"English",419,317,178,76,254,0.56929347826087,0.654891304347826,0.358630952380952
"905","905_2012-09-22","M","BiAEM26",810,26,26.63,"bilingual",71,29,0,"English",NA,"Y","Y","Y","Y","Y","bothFilled",60,30,164,2012-09-22,1,FALSE,1,18,"n",29,"70_30",74,0,0,254,90,224,314,27,"80_20",90,224,30,164,"French",224,90,164,30,194,0.713375796178344,0.382165605095541,0.0892857142857143
"192","192_2012-10-13","M","BiAEM26",813,26,26.73,"bilingual",27,73,0,"French",NA,"Y","Y","Y","Y","Y","bothFilled",56,7,133,2012-10-13,1,FALSE,1,16,"n",27,"70_30",355,0,0,196,63,189,252,27.1,"80_20",189,63,133,7,"French",189,63,133,7,140,0.75,0.444444444444444,0.0833333333333333
"916","916_2012-10-20","F","BiAEM26",829,27,27.25,"bilingual",36.98,63.03,0,"French",NA,"Y","Y","Y","Y","Y","bothFilled",35,21,72,2012-10-20,1,FALSE,1,NA,"y",36.975,"60_40",212,0,0,128,56,107,163,27.6333333333333,"70_30",107,56,72,21,"French",107,56,72,21,93,0.656441717791411,0.429447852760736,0.0520833333333333
"98","98_2012-10-26","M","BiAEM26",815,26,26.79,"bilingual",71.91,28.1,0,"English",NA,"Y","Y","Y","Y","Y","bothFilled",2,121,1,2012-10-26,1,FALSE,1,15,"n",28.095,"70_30",299,0,0,124,123,3,126,27.1666666666667,"80_20",123,3,121,1,"English",123,3,121,1,122,0.976190476190476,0.0317460317460317,0.00297619047619048
"114","114_2012-10-27","M","BiAEM26",800,26,26.3,"bilingual",59.58,40.43,0,"English",NA,"Y","Y","Y","Y","Y","bothFilled",145,218,23,2012-10-27,1,FALSE,1,16,"y",40.425,"50_50",14,0,0,386,363,168,531,26.6666666666667,"60_40",363,168,218,23,"English",363,168,218,23,241,0.68361581920904,0.546139359698682,0.21577380952381
"915","915_2012-10-27","M","BiAEM26",820,26,26.96,"bilingual",26.78,73.23,0,"French",NA,"Y","Y","Y","Y","Y","bothFilled",13,4,234,2012-10-27,2,TRUE,2,16,"y",26.775,"70_30",127,0,0,251,17,247,264,27.3333333333333,"80_20",247,17,234,4,"French",247,17,234,4,238,0.935606060606061,0.0984848484848485,0.0193452380952381
"1439","1439_2012-11-03","M","Mix20",631,20,20.75,"bilingual",41.58,58.43,0,"French",NA,"Y","Y","Y","Y","Y","bothFilled",2,2,0,2012-11-03,1,TRUE,2,21,"y",41.575,"50_50",556,0,0,4,4,2,6,21.0333333333333,"60_40",2,4,0,2,"English",4,2,2,0,2,0.666666666666667,0.666666666666667,0.00297619047619048
"680","680_2012-11-07","M","Mix20",653,21,21.47,"bilingual",39.62,60.39,0,"French",NA,"Y","Y","Y","Y","Y","bothFilled",35,28,40,2012-11-07,1,FALSE,1,16,"y",39.615,"60_40",537,0,0,103,63,75,138,21.7666666666667,"60_40",75,63,40,28,"French",75,63,40,28,68,0.543478260869565,0.507246376811594,0.0520833333333333
"2908","2908_2012-11-10","M","Mix20",649,21,21.34,"bilingual",36.85,62.09,1.07,"French",NA,"Y","Y","Y","Y","Y","bothFilled",145,64,49,2012-11-10,1,FALSE,1,16,"y",37.38,"60_40",16,0,0,258,209,194,403,21.6333333333333,"70_30",194,209,49,64,"English",209,194,64,49,113,0.518610421836228,0.719602977667494,0.21577380952381
"1242","1242_2012-11-11","F","Mix20",648,21,21.3,"bilingual",31.55,67.95,0,"French",NA,"Y","Y","Y","Y","Y","bothFilled",22,3,232,2012-11-11,1,FALSE,1,18,"n",31.8,"60_40",326,0,0,257,25,254,279,21.6,"70_30",254,25,232,3,"French",254,25,232,3,235,0.910394265232975,0.157706093189964,0.0327380952380952
"1311","1311_2012-11-11","M","Mix20",648,21,21.3,"bilingual",31.55,67.95,0,"French",NA,"Y","Y","Y","Y","Y","bothFilled",24,2,258,2012-11-11,1,FALSE,1,NA,"y",31.8,"60_40",238,0,0,284,26,282,308,21.6,"70_30",282,26,258,2,"French",282,26,258,2,260,0.915584415584416,0.155844155844156,0.0357142857142857
"108","108_2012-11-14","F","BiAEM26",828,27,27.22,"bilingual",69.26,30.74,0,"English",NA,"Y","Y","Y","Y","Y","bothFilled",71,415,8,2012-11-14,2,TRUE,2,18,"n",30.74,"60_40",244,0,0,494,486,79,565,27.6,"80_20",486,79,415,8,"English",486,79,415,8,423,0.860176991150442,0.251327433628319,0.105654761904762
"1367","1367_2012-11-24","M","Mix20",639,21,21.01,"bilingual",61.53,38.48,0,"English",NA,"Y","Y","Y","Y","Y","bothFilled",35,61,9,2012-11-24,1,FALSE,1,16,"y",38.475,"60_40",137,0,0,105,96,44,140,21.3,"60_40",96,44,61,9,"English",96,44,61,9,70,0.685714285714286,0.5,0.0520833333333333
"1723","1723_2012-11-24","M","Mix20",616,20,20.25,"bilingual",55.57,43.34,1.1,"English",NA,"Y","Y","Y","Y","Y","bothFilled",7,68,7,2012-11-24,1,FALSE,1,13,"n",43.885,"50_50",84,0,0,82,75,14,89,20.5333333333333,"50_50",75,14,68,7,"English",75,14,68,7,75,0.842696629213483,0.157303370786517,0.0104166666666667
"2109","2109_2012-11-28","M","Mix20",627,20,20.61,"bilingual",26.46,73.54,0,"French",NA,"Y","Y","Y","Y","Y","bothFilled",7,12,63,2012-11-28,1,FALSE,1,21,"y",26.46,"70_30",249,0,0,82,19,70,89,20.9,"80_20",70,19,63,12,"French",70,19,63,12,75,0.786516853932584,0.157303370786517,0.0104166666666667
"2072","2072_2012-12-01","M","ReMix20",618,20,20.32,"bilingual",50.48,49.53,0,"English","Father","Y","Y","Y","Y","Y","bothFilled",24,20,29,2012-12-01,1,TRUE,2,18,"y",49.525,"50_50",198,0,0,73,44,53,97,20.6,"50_50",44,53,20,29,"French",53,44,29,20,49,0.54639175257732,0.494845360824742,0.0357142857142857
"2064","2064_2012-12-02","F","ReMix20",620,20,20.38,"bilingual",49.41,50.6,0,"French","Mother","Y","Y","Y","Y","Y","bothFilled",33,43,74,2012-12-02,1,FALSE,1,18,"y",49.405,"50_50",430,0,0,150,76,107,183,20.6666666666667,"50_50",107,76,74,43,"French",107,76,74,43,117,0.584699453551913,0.360655737704918,0.0491071428571429
"1885","1885_2013-01-12","F","Prime24",760,24,24.99,"bilingual",51.79,48.22,0,"English","Mother","Y","Y","Y","Y","Y","bothFilled",57,51,63,2013-01-12,2,TRUE,3,16,"y",48.215,"50_50",547,0,0,171,108,120,228,25.3333333333333,"50_50",108,120,51,63,"French",120,108,63,51,114,0.526315789473684,0.5,0.0848214285714286
"1825","1825_2013-01-24","M","Prime24",756,24,24.85,"bilingual",75,25,0,"English","Mother","Y","Y","Y","Y","Y","bothFilled",20,94,1,2013-01-24,2,TRUE,2,15,"y",25,"70_30",439,0,0,115,114,21,135,25.2,"80_20",114,21,94,1,"English",114,21,94,1,95,0.844444444444444,0.296296296296296,0.0297619047619048
"624","624_2013-01-27","F","Prime24",753,24,24.76,"bilingual",34.17,65.84,0,"French","Mother","Y","Y","Y","Y","Y","bothFilled",22,21,54,2013-01-27,2,TRUE,2,15,"y",34.165,"60_40",409,0,0,97,43,76,119,25.1,"70_30",76,43,54,21,"French",76,43,54,21,75,0.638655462184874,0.369747899159664,0.0327380952380952
"1527","1527_2013-01-30","M","BiAEM26",791,26,26.01,"bilingual",71.43,28.57,0,"English",NA,"Y","Y","Y","Y","Y","bothFilled",10,22,1,2013-01-30,1,FALSE,1,16,"n",28.57,"70_30",349,0,0,33,32,11,43,26.3666666666667,"80_20",32,11,22,1,"English",32,11,22,1,23,0.744186046511628,0.465116279069767,0.0148809523809524
"309","309_2013-02-13","M","BiAEM26",810,26,26.63,"bilingual",66.23,33.78,0,"English",NA,"Y","Y","Y","Y","Y","bothFilled",151,313,18,2013-02-13,1,FALSE,1,18,"n",33.775,"60_40",23,0,0,482,464,169,633,27,"70_30",464,169,313,18,"English",464,169,313,18,331,0.733017377567141,0.477093206951027,0.224702380952381
"355","355_2013-03-02","M","ReMix20",619,20,20.35,"bilingual",61.82,38.19,0,"English","Father","Y","Y","Y","Y","Y","bothFilled",10,47,7,2013-03-02,1,FALSE,1,13,"n",38.185,"60_40",581,0,0,64,57,17,74,20.6333333333333,"60_40",57,17,47,7,"English",57,17,47,7,54,0.77027027027027,0.27027027027027,0.0148809523809524
"1491","1491_2013-03-04","M","BiAEM26",818,26,26.89,"bilingual",74.7,25.3,0,"English",NA,"Y","Y","Y","Y","Y","bothFilled",87,161,40,2013-03-04,1,FALSE,1,18,"n",25.3,"70_30",559,0,0,288,248,127,375,27.2666666666667,"80_20",248,127,161,40,"English",248,127,161,40,201,0.661333333333333,0.464,0.129464285714286
"1885","1885_2013-03-04","F","BiAEM26",811,26,26.66,"bilingual",51.47,48.53,0,"English",NA,"Y","Y","Y","Y","Y","bothFilled",133,94,99,2013-03-04,3,TRUE,3,16,"y",48.53,"50_50",547,0,0,326,227,232,459,27.0333333333333,"50_50",227,232,94,99,"French",232,227,99,94,193,0.505446623093682,0.579520697167756,0.197916666666667
"2701","2701_2013-03-06","F","Prime24",755,24,24.82,"bilingual",70,29,2,"English","Mother","Y","Y","Y","Y","Y","bothFilled",348,168,47,2013-03-06,1,FALSE,1,18,"y",29.5,"70_30",292,0,0,563,516,395,911,25.1666666666667,"80_20",516,395,168,47,"English",516,395,168,47,215,0.566410537870472,0.763995609220637,0.517857142857143
"1439","1439_2013-03-16","M","Prime24",764,25,25.12,"bilingual",34.88,65.12,0,"French","Mother and Father","Y","Y","Y","Y","Y","bothFilled",17,28,39,2013-03-16,2,TRUE,2,21,"y",34.88,"60_40",556,0,0,84,45,56,101,25.4666666666667,"70_30",56,45,39,28,"French",56,45,39,28,67,0.554455445544555,0.336633663366337,0.025297619047619
"437","437_2013-03-23","M","BiAEM26",791,26,26.01,"bilingual",73.1,26.9,0,"English",NA,"Y","Y","Y","Y","Y","bothFilled",81,448,11,2013-03-23,1,FALSE,1,18,"n",26.9,"70_30",41,0,0,540,529,92,621,26.3666666666667,"80_20",529,92,448,11,"English",529,92,448,11,459,0.851851851851852,0.260869565217391,0.120535714285714
"3322","3322_2013-03-23","F","ReMix20",624,20,20.52,"bilingual",51.28,48.72,0,"English","Mother and Father","Y","Y","Y","Y","Y","bothFilled",4,17,13,2013-03-23,1,FALSE,1,18,"y",48.72,"50_50",466,0,0,34,21,17,38,20.8,"50_50",21,17,17,13,"English",21,17,17,13,30,0.552631578947368,0.210526315789474,0.00595238095238095
"3290","3290_2013-04-13","F","Mix20",630,20,20.71,"bilingual",62.74,37.26,0,"English",NA,"Y","Y","Y","Y","Y","bothFilled",5,18,3,2013-04-13,1,FALSE,1,15,"y",37.26,"60_40",10,0,0,26,23,8,31,21,"70_30",23,8,18,3,"English",23,8,18,3,21,0.741935483870968,0.32258064516129,0.00744047619047619
"435","435_2013-04-19","F","BiAEM26",819,26,26.93,"bilingual",53.07,46.93,0,"English",NA,"Y","Y","Y","Y","Y","bothFilled",89,329,17,2013-04-19,1,FALSE,1,15,"n",46.93,"50_50",620,0,0,435,418,106,524,27.3,"50_50",418,106,329,17,"English",418,106,329,17,346,0.797709923664122,0.33969465648855,0.132440476190476
"4867","4867_2013-04-20","F","Mix20",610,20,20.05,"bilingual",68.93,31.07,0,"English",NA,"Y","Y","Y","Y","Y","bothFilled",14,29,2,2013-04-20,1,FALSE,1,16,"y",31.07,"60_40",357,0,0,45,43,16,59,20.3333333333333,"80_20",43,16,29,2,"English",43,16,29,2,31,0.728813559322034,0.474576271186441,0.0208333333333333
"2072","2072_2013-04-21","M","Prime24",759,24,24.95,"bilingual",50.35,49.65,0,"English","Mother","Y","Y","Y","Y","Y","bothFilled",122,67,106,2013-04-21,2,TRUE,2,18,"y",49.65,"50_50",198,0,0,295,189,228,417,25.3,"50_50",189,228,67,106,"French",228,189,106,67,173,0.546762589928058,0.585131894484412,0.181547619047619
"3751","3751_2013-04-28","M","Prime24",733,24,24.1,"bilingual",59.54,40.47,0,"English","Mother","Y","Y","Y","Y","Y","bothFilled",11,28,23,2013-04-28,1,FALSE,1,18,"n",40.465,"50_50",531,0,0,62,39,34,73,24.4333333333333,"60_40",39,34,28,23,"English",39,34,28,23,51,0.534246575342466,0.301369863013699,0.0163690476190476
"4878","4878_2013-05-15","F","ReMix20",640,21,21.04,"bilingual",47.8,52.2,0,"French","Mother","Y","Y","Y","Y","Y","bothFilled",44,7,207,2013-05-15,1,FALSE,1,16,"y",47.8,"50_50",270,0,0,258,51,251,302,21.3333333333333,"50_50",251,51,207,7,"French",251,51,207,7,214,0.83112582781457,0.291390728476821,0.0654761904761905
"4972","4972_2013-05-19","M","ReMix20",643,21,21.14,"bilingual",41.6,58.4,0,"French","Mother","Y","Y","Y","Y","Y","bothFilled",11,10,56,2013-05-19,1,FALSE,1,16,"n",41.6,"50_50",134,0,0,77,21,67,88,21.4333333333333,"60_40",67,21,56,10,"French",67,21,56,10,66,0.761363636363636,0.25,0.0163690476190476
"3980","3980_2013-06-15","F","ReMix20",645,21,21.21,"bilingual",50,50,0,"French","Mother","Y","Y","Y","Y","Y","bothFilled",87,31,167,2013-06-15,1,FALSE,1,16,"n",50,"50_50",152,0,0,285,118,254,372,21.5,"50_50",254,118,167,31,"French",254,118,167,31,198,0.682795698924731,0.467741935483871,0.129464285714286
"3131","3131_2013-06-26","F","ReMix20",624,20,20.52,"bilingual",67,29,4,"English","Father","Y","Y","Y","Y","Y","bothFilled",6,12,18,2013-06-26,1,TRUE,2,16,"n",31,"60_40",381,0,0,36,18,24,42,20.8,"80_20",18,24,12,18,"French",24,18,18,12,30,0.571428571428571,0.285714285714286,0.00892857142857143
"3156","3156_2013-06-29","M","ReMix20",618,20,20.32,"bilingual",52,48,0,"English","Mother","Y","Y","Y","Y","Y","bothFilled",19,12,47,2013-06-29,1,TRUE,2,13,"n",48,"50_50",40,0,0,78,31,66,97,20.6,"50_50",31,66,12,47,"French",66,31,47,12,59,0.680412371134021,0.391752577319588,0.0282738095238095
"3187","3187_2013-07-04","F","ReMix20",626,20,20.58,"bilingual",70,30,0,"English","Mother","Y","Y","Y","Y","Y","bothFilled",7,29,12,2013-07-04,1,FALSE,1,18,"n",30,"70_30",557,0,0,48,36,19,55,20.8666666666667,"80_20",36,19,29,12,"English",36,19,29,12,41,0.654545454545455,0.254545454545455,0.0104166666666667
"1257","1257_2013-07-11","F","ReMix20",632,20,20.78,"bilingual",61,39,0,"English","Mother","Y","Y","Y","Y","Y","bothFilled",16,33,20,2013-07-11,1,FALSE,1,18,"n",39,"60_40",280,0,0,69,49,36,85,21.0666666666667,"60_40",49,36,33,20,"English",49,36,33,20,53,0.576470588235294,0.376470588235294,0.0238095238095238
"4709","4709_2013-10-06","M","ReMix20",626,20,20.58,"bilingual",31,69,0,"French","Mother","Y","Y","Y","Y","Y","bothFilled",33,22,81,2013-10-06,1,FALSE,1,16,"n",31,"60_40",282,0,0,136,55,114,169,20.8666666666667,"80_20",114,55,81,22,"French",114,55,81,22,103,0.674556213017751,0.390532544378698,0.0491071428571429
"4862","4862_2013-10-20","F","BiAEM26",806,26,26.5,"bilingual",25,75,0,"French",NA,"Y","Y","Y","Y","Y","bothFilled",270,23,262,2013-10-20,2,TRUE,2,15,"n",25,"70_30",105,0,0,555,293,532,825,26.8666666666667,"80_20",532,293,262,23,"French",532,293,262,23,285,0.644848484848485,0.654545454545455,0.401785714285714
"3144","3144_2013-10-27","M","Prime24",735,24,24.16,"bilingual",54,46,0,"English","Mother","Y","Y","Y","Y","Y","bothFilled",78,58,33,2013-10-27,1,FALSE,1,18,"n",46,"50_50",33,0,0,169,136,111,247,24.5,"50_50",136,111,58,33,"English",136,111,58,33,91,0.550607287449393,0.631578947368421,0.116071428571429
"5049","5049_2013-11-06","M","ReMix20",613,20,20.15,"bilingual",53,47,0,"English","Mother","Y","Y","Y","Y","Y","bothFilled",3,3,9,2013-11-06,1,TRUE,2,11,"y",47,"50_50",129,0,0,15,6,12,18,20.4333333333333,"50_50",6,12,3,9,"French",12,6,9,3,12,0.666666666666667,0.333333333333333,0.00446428571428571
"4009","4009_2013-11-18","M","Mix20",611,20,20.09,"bilingual",75,25,0,"English",NA,"Y","Y","Y","Y","Y","bothFilled",4,13,7,2013-11-18,1,FALSE,1,16,"n",25,"70_30",319,0,0,24,17,11,28,20.3666666666667,"80_20",17,11,13,7,"English",17,11,13,7,20,0.607142857142857,0.285714285714286,0.00595238095238095
"4151","4151_2014-01-13","F","Mix20",651,21,21.4,"bilingual",40,60,0,"French",NA,"Y","Y","Y","Y","Y","bothFilled",26,33,118,2014-01-13,1,FALSE,1,18,"n",40,"60_40",289,0,0,177,59,144,203,21.7,"60_40",144,59,118,33,"French",144,59,118,33,151,0.70935960591133,0.25615763546798,0.0386904761904762
"1314","1314_2014-01-21","M","Prime24",742,24,24.39,"bilingual",30,70,0,"French","Mother","Y","Y","Y","Y","Y","bothFilled",18,31,51,2014-01-21,1,FALSE,1,16,"y",30,"70_30",339,0,0,100,49,69,118,24.7333333333333,"80_20",69,49,51,31,"French",69,49,51,31,82,0.584745762711864,0.305084745762712,0.0267857142857143
"5924","5924_2014-01-26","M","ReMix20",605,19,19.89,"bilingual",62,38,0,"English","Mother","Y","Y","Y","Y","Y","bothFilled",71,163,18,2014-01-26,1,TRUE,2,16,"y",38,"60_40",540,0,0,252,234,89,323,20.1666666666667,"60_40",234,89,163,18,"English",234,89,163,18,181,0.724458204334365,0.439628482972136,0.105654761904762
"4707","4707_2014-02-01","M","Lifespan",754,24,24.79,"bilingual",48,50,2,"French",NA,"Y","Y","Y","Y","Y","bothFilled",10,23,11,2014-02-01,1,FALSE,1,15,NA,49,"50_50",506,0,0,44,33,21,54,25.1333333333333,"50_50",21,33,11,23,"English",33,21,23,11,34,0.611111111111111,0.37037037037037,0.0148809523809524
"4675","4675_2014-02-01","F","Prime24",735,24,24.16,"bilingual",73.48,26.52,0,"English","Mother","Y","Y","Y","Y","Y","bothFilled",10,307,7,2014-02-01,1,FALSE,1,11,"y",26.52,"70_30",363,0,0,324,317,17,334,24.5,"80_20",317,17,307,7,"English",317,17,307,7,314,0.949101796407186,0.0598802395209581,0.0148809523809524
"4689","4689_2014-02-02","F","Prime24",750,24,24.66,"bilingual",26,74,0,"French","Mother","Y","Y","Y","Y","Y","bothFilled",84,27,130,2014-02-02,1,FALSE,1,18,"y",26,"70_30",267,0,0,241,111,214,325,25,"80_20",214,111,130,27,"French",214,111,130,27,157,0.658461538461538,0.516923076923077,0.125
"5399","5399_2014-03-15","F","Mix20",611,20,20.09,"bilingual",35.45,64.55,0,"French",NA,"Y","Y","Y","Y","Y","bothFilled",42,16,127,2014-03-15,1,FALSE,1,12,"n",35.45,"60_40",508,0,0,185,58,169,227,20.3666666666667,"70_30",169,58,127,16,"French",169,58,127,16,143,0.744493392070485,0.370044052863436,0.0625
"5049","5049_2014-03-15","M","Prime24",742,24,24.39,"bilingual",46.67,53.33,0,"French","Mother","Y","Y","Y","Y","Y","bothFilled",10,13,10,2014-03-15,2,TRUE,2,15,"y",46.67,"50_50",129,0,0,33,23,20,43,24.7333333333333,"50_50",20,23,10,13,"English",23,20,13,10,23,0.534883720930233,0.465116279069767,0.0148809523809524
"5401","5401_2014-03-19","M","ReMix20",615,20,20.22,"bilingual",43,57,0,"French","Other family member","Y","Y","Y","Y","Y","bothFilled",39,32,19,2014-03-19,1,TRUE,2,18,"y",43,"50_50",145,0,0,90,71,58,129,20.5,"60_40",58,71,19,32,"English",71,58,32,19,51,0.550387596899225,0.604651162790698,0.0580357142857143
"5392","5392_2014-03-23","F","ReMix20",620,20,20.38,"bilingual",63,37,0,"English","Mother","Y","Y","Y","Y","Y","bothFilled",89,79,49,2014-03-23,1,TRUE,2,16,"n",37,"60_40",570,0,0,217,168,138,306,20.6666666666667,"70_30",168,138,79,49,"English",168,138,79,49,128,0.549019607843137,0.581699346405229,0.132440476190476
"1865","1865_2014-03-31","F","Lifespan",753,24,24.76,"bilingual",35,65,0,"French",NA,"Y","Y","Y","Y","Y","bothFilled",18,5,81,2014-03-31,1,FALSE,1,18,"y",35,"60_40",392,0,0,104,23,99,122,25.1,"70_30",99,23,81,5,"French",99,23,81,5,86,0.811475409836066,0.295081967213115,0.0267857142857143
"5717","5717_2014-05-28","M","Mix20",609,20,20.02,"bilingual",47.2,52.8,0,"French","Mother","Y","Y","Y","Y","Y","bothFilled",20,10,88,2014-05-28,1,FALSE,1,16,"y",47.2,"50_50",148,0,0,118,30,108,138,20.3,"50_50",108,30,88,10,"French",108,30,88,10,98,0.782608695652174,0.289855072463768,0.0297619047619048
"7549","7549_2014-07-14","F","ReMix20",650,21,21.37,"bilingual",39,61,0,"French","Mother","Y","Y","Y","Y","Y","bothFilled",47,12,156,2014-07-14,1,FALSE,1,13,"y",39,"60_40",476,0,0,215,59,203,262,21.6666666666667,"60_40",203,59,156,12,"French",203,59,156,12,168,0.774809160305344,0.358778625954198,0.0699404761904762
"6124","6124_2014-07-17","M","ReMix20",627,20,20.61,"bilingual",27,74,0,"French","Father","Y","Y","Y","Y","Y","bothFilled",15,5,97,2014-07-17,1,FALSE,1,16,"n",26.5,"70_30",117,0,0,117,20,112,132,20.9,"80_20",112,20,97,5,"French",112,20,97,5,102,0.848484848484849,0.227272727272727,0.0223214285714286
"5392","5392_2014-07-19","F","Prime24",738,24,24.26,"bilingual",59,41,0,"English","Mother","Y","Y","Y","Y","Y","bothFilled",124,114,63,2014-07-19,2,TRUE,2,16,"n",41,"50_50",570,0,0,301,238,187,425,24.6,"60_40",238,187,114,63,"English",238,187,114,63,177,0.56,0.583529411764706,0.18452380952381
"6158","6158_2014-07-20","F","ReMix20",627,20,20.61,"bilingual",66,34,0,"English","Mother","Y","Y","Y","Y","Y","bothFilled",142,110,47,2014-07-20,1,TRUE,2,18,"y",34,"60_40",55,0,0,299,252,189,441,20.9,"70_30",252,189,110,47,"English",252,189,110,47,157,0.571428571428571,0.643990929705215,0.211309523809524
"6224","6224_2014-07-27","M","ReMix20",657,21,21.6,"bilingual",61.5,38.5,0,"English","Mother","Y","Y","Y","Y","Y","bothFilled",22,42,19,2014-07-27,1,TRUE,2,16,"n",38.5,"60_40",170,0,0,83,64,41,105,21.9,"60_40",64,41,42,19,"English",64,41,42,19,61,0.60952380952381,0.419047619047619,0.0327380952380952
"5370","5370_2014-08-09","M","Prime24",753,24,24.76,"bilingual",49.5,50.5,0,"French","Mother","Y","Y","Y","Y","Y","bothFilled",49,8,130,2014-08-09,1,FALSE,1,18,"y",49.5,"50_50",390,0,0,187,57,179,236,25.1,"50_50",179,57,130,8,"French",179,57,130,8,138,0.758474576271186,0.415254237288136,0.0729166666666667
"4083","4083_2014-09-28","M","Prime24",739,24,24.3,"bilingual",53.45,46.55,0,"English","Mother","Y","Y","Y","Y","Y","bothFilled",109,64,100,2014-09-28,1,FALSE,1,16,"n",46.55,"50_50",407,0,0,273,173,209,382,24.6333333333333,"50_50",173,209,64,100,"French",209,173,100,64,164,0.547120418848168,0.570680628272251,0.162202380952381
"5731","5731_2014-10-02","M","Lifespan",743,24,24.43,"bilingual",38,62,0,"French",NA,"Y","Y","Y","Y","Y","bothFilled",67,43,79,2014-10-02,1,FALSE,1,18,"y",38,"60_40",163,0,0,189,110,146,256,24.7666666666667,"60_40",146,110,79,43,"French",146,110,79,43,122,0.5703125,0.5234375,0.099702380952381
"6138","6138_2014-10-17","M","Lifespan",725,23,23.84,"bilingual",25.22,74.79,0,"French","Mother","Y","Y","Y","Y","Y","bothFilled",15,7,326,2014-10-17,1,TRUE,2,16,"y",25.215,"70_30",445,0,0,348,22,341,363,24.1666666666667,"80_20",341,22,326,7,"French",341,22,326,7,333,0.939393939393939,0.0826446280991736,0.0223214285714286
"6224","6224_2014-11-01","M","Lifespan",754,24,24.79,"bilingual",60.5,39.5,0,"English","Mother","Y","Y","Y","Y","Y","bothFilled",25,53,15,2014-11-01,2,TRUE,2,16,"n",39.5,"60_40",170,0,0,93,78,40,118,25.1333333333333,"60_40",78,40,53,15,"English",78,40,53,15,68,0.661016949152542,0.423728813559322,0.037202380952381
"7630","7630_2014-11-15","M","ReMix20",604,19,19.86,"bilingual",66,34,0,"English","Mother","Y","Y","Y","Y","Y","bothFilled",17,33,12,2014-11-15,1,TRUE,2,16,"n",34,"60_40",395,0,0,62,50,29,79,20.1333333333333,"70_30",50,29,33,12,"English",50,29,33,12,45,0.632911392405063,0.430379746835443,0.025297619047619
"7776","7776_2014-11-22","M","Lifespan",663,21,21.8,"bilingual",49.86,50.14,0,"French","Mother","Y","Y","Y","Y","Y","bothFilled",6,10,3,2014-11-22,1,FALSE,1,16,"n",49.86,"50_50",202,0,0,19,16,9,25,22.1,"50_50",9,16,3,10,"English",16,9,10,3,13,0.64,0.48,0.00892857142857143
"6163","6163_2014-11-28","F","Prime24",765,25,25.15,"bilingual",67,33,0,"English","Mother","Y","Y","Y","Y","Y","bothFilled",253,213,32,2014-11-28,1,FALSE,1,18,"y",33,"60_40",494,0,0,498,466,285,751,25.5,"70_30",466,285,213,32,"English",466,285,213,32,245,0.620505992010652,0.673768308921438,0.376488095238095
"4293","4293_2014-11-29","M","Prime24",723,23,23.77,"bilingual",37.5,62.5,0,"French","Mother","Y","Y","Y","Y","Y","bothFilled",61,104,82,2014-11-29,1,FALSE,1,16,"n",37.5,"60_40",115,0,0,247,165,143,308,24.1,"70_30",143,165,82,104,"English",165,143,104,82,186,0.535714285714286,0.396103896103896,0.0907738095238095
"7204","7204_2014-12-13","M","Mix20",602,19,19.79,"bilingual",69.62,30.77,0,"English",NA,"Y","Y","Y","Y","Y","bothFilled",19,32,4,2014-12-13,1,TRUE,2,16,"n",30.575,"60_40",352,0,0,55,51,23,74,20.0666666666667,"80_20",51,23,32,4,"English",51,23,32,4,36,0.689189189189189,0.513513513513513,0.0282738095238095
"8315","8315_2015-02-06","M","Lifespan",911,29,29.95,"bilingual",49.16,50.85,0,"French","Mother","Y","Y","Y","Y","Y","bothFilled",376,281,38,2015-02-06,1,FALSE,1,16,"y",49.155,"50_50",50,0,0,695,657,414,1071,30.3666666666667,"50_50",414,657,38,281,"English",657,414,281,38,319,0.613445378151261,0.702147525676937,0.55952380952381
"5844","5844_2015-02-08","M","Prime24",755,24,24.82,"bilingual",74.25,25.75,0,"English","Father","Y","Y","Y","Y","Y","bothFilled",56,119,28,2015-02-08,1,FALSE,1,16,"y",25.75,"70_30",161,0,0,203,175,84,259,25.1666666666667,"80_20",175,84,119,28,"English",175,84,119,28,147,0.675675675675676,0.432432432432432,0.0833333333333333
"7072","7072_2015-03-13","F","Mix20",611,20,20.09,"bilingual",30.73,69.28,0,"French","Mother","Y","Y","Y","Y","Y","bothFilled",28,37,29,2015-03-13,1,FALSE,1,16,"n",30.725,"60_40",343,0,0,94,65,57,122,20.3666666666667,"80_20",57,65,29,37,"English",65,57,37,29,66,0.532786885245902,0.459016393442623,0.0416666666666667
"7057","7057_2015-04-27","F","Mix20",627,20,20.61,"bilingual",67,33,0,"English","Mother","Y","Y","Y","Y","Y","bothFilled",15,57,5,2015-04-27,1,TRUE,2,18,"n",33,"60_40",454,0,0,77,72,20,92,20.9,"70_30",72,20,57,5,"English",72,20,57,5,62,0.782608695652174,0.326086956521739,0.0223214285714286
"9139","9139_2015-07-07","M","Lifespan",719,23,23.64,"bilingual",37.27,59.05,3.27,"French","Mother","Y","Y","Y","Y","Y","bothFilled",13,24,31,2015-07-07,1,TRUE,2,18,"y",39.11,"60_40",240,0,0,68,37,44,81,23.9666666666667,"60_40",44,37,31,24,"French",44,37,31,24,55,0.54320987654321,0.320987654320988,0.0193452380952381
"6158","6158_2015-08-06","F","Dis32",1009,33,33.17,"bilingual",58,42,0,"English","Mother","Y","Y","Y","Y","Y","bothFilled",384,142,70,2015-08-06,2,TRUE,2,18,"y",42,"50_50",55,0,0,596,526,454,980,33.6333333333333,"60_40",526,454,142,70,"English",526,454,142,70,212,0.536734693877551,0.783673469387755,0.571428571428571
"7993","7993_2015-08-16","M","CrossPrime30",944,31,31.04,"bilingual",47.91,52.09,0,"French","Mother","Y","Y","Y","Y","Y","bothFilled",393,73,105,2015-08-16,1,FALSE,1,16,"n",47.91,"50_50",31,0,0,571,466,498,964,31.4666666666667,"50_50",498,466,105,73,"French",498,466,105,73,178,0.516597510373444,0.815352697095436,0.584821428571429
"7630","7630_2015-10-04","M","CrossPrime30",927,30,30.48,"bilingual",72,28,0,"English","Mother","Y","Y","Y","Y","Y","bothFilled",72,412,5,2015-10-04,2,TRUE,2,16,"n",28,"70_30",395,0,0,489,484,77,561,30.9,"80_20",484,77,412,5,"English",484,77,412,5,417,0.862745098039216,0.25668449197861,0.107142857142857
"9105","9105_2015-10-10","M","ReMix20",639,21,21.01,"bilingual",31.93,68.07,0,"French","Father","Y","Y","Y","Y","Y","bothFilled",12,2,36,2015-10-10,1,TRUE,2,18,"y",31.93,"60_40",578,0,0,50,14,48,62,21.3,"70_30",48,14,36,2,"French",48,14,36,2,38,0.774193548387097,0.387096774193548,0.0178571428571429
"7298","7298_2015-10-11","M","Dis32",1000,32,32.88,"bilingual",47,53,0,"French","Mother","Y","Y","Y","Y","Y","bothFilled",404,142,65,2015-10-11,1,FALSE,1,16,"n",47,"50_50",172,0,0,611,546,469,1015,33.3333333333333,"50_50",469,546,65,142,"English",546,469,142,65,207,0.537931034482759,0.796059113300493,0.601190476190476
"8046","8046_2015-10-31","F","Dis32",1005,33,33.04,"bilingual",74,26,0,"English","Mother","Y","Y","Y","Y","Y","bothFilled",137,348,4,2015-10-31,1,FALSE,1,13,"y",26,"70_30",318,0,0,489,485,141,626,33.5,"80_20",485,141,348,4,"English",485,141,348,4,352,0.774760383386581,0.437699680511182,0.203869047619048
"7204","7204_2015-11-03","M","CrossPrime30",927,30,30.48,"bilingual",66,34,0,"English","Mother","Y","Y","Y","Y","Y","bothFilled",86,299,8,2015-11-03,2,TRUE,2,16,"n",34,"60_40",352,0,0,393,385,94,479,30.9,"70_30",385,94,299,8,"English",385,94,299,8,307,0.803757828810021,0.359081419624217,0.12797619047619
"6803","6803_2015-11-09","F","CrossPrime30",924,30,30.38,"bilingual",64,36,0,"English","Mother","Y","Y","Y","Y","Y","bothFilled",283,335,23,2015-11-09,1,FALSE,1,21,"n",36,"60_40",130,0,0,641,618,306,924,30.8,"70_30",618,306,335,23,"English",618,306,335,23,358,0.668831168831169,0.612554112554113,0.421130952380952
"41863","41863_2015-11-21","M","ReMix20",644,21,21.17,"bilingual",64,36,0,"English","Mother","Y","Y","Y","Y","Y","bothFilled",24,12,27,2015-11-21,1,FALSE,1,16,"y",36,"60_40",588,0,0,63,36,51,87,21.4666666666667,"70_30",36,51,12,27,"French",51,36,27,12,39,0.586206896551724,0.551724137931034,0.0357142857142857
"8483","8483_2015-11-21","F","ReMix20",623,20,20.48,"bilingual",67,33,0,"English","Mother","Y","Y","Y","Y","Y","bothFilled",20,18,17,2015-11-21,1,FALSE,1,18,"y",33,"60_40",618,0,0,55,38,37,75,20.7666666666667,"70_30",38,37,18,17,"English",38,37,18,17,35,0.506666666666667,0.533333333333333,0.0297619047619048
"7725","7725_2015-11-28","F","CrossPrime30",912,29,29.98,"bilingual",58,42,0,"English","Mother","Y","Y","Y","Y","Y","bothFilled",59,70,41,2015-11-28,2,TRUE,2,18,"n",42,"50_50",96,0,0,170,129,100,229,30.4,"60_40",129,100,70,41,"English",129,100,70,41,111,0.563318777292576,0.51528384279476,0.087797619047619
"6661","6661_2015-12-13","F","CrossPrime30",911,29,29.95,"bilingual",68,32,0,"English","Mother","Y","Y","Y","Y","Y","bothFilled",221,360,23,2015-12-13,1,FALSE,1,15,"y",32,"60_40",104,0,0,604,581,244,825,30.3666666666667,"70_30",581,244,360,23,"English",581,244,360,23,383,0.704242424242424,0.535757575757576,0.328869047619048
"6663","6663_2015-12-16","F","CrossPrime30",914,30,30.05,"bilingual",42,58,0,"French","Mother","Y","Y","Y","Y","Y","bothFilled",77,27,329,2015-12-16,1,FALSE,1,18,"y",42,"50_50",385,0,0,433,104,406,510,30.4666666666667,"60_40",406,104,329,27,"French",406,104,329,27,356,0.796078431372549,0.301960784313725,0.114583333333333
"7284","7284_2015-12-17","M","CrossPrime30",916,30,30.12,"bilingual",30,66,4,"French","Mother","Y","Y","Y","Y","Y","bothFilled",49,34,76,2015-12-17,1,FALSE,1,NA,"n",32,"60_40",226,0,0,159,83,125,208,30.5333333333333,"70_30",125,83,76,34,"French",125,83,76,34,110,0.600961538461538,0.471153846153846,0.0729166666666667
"7759","7759_2015-12-19","F","Dis32",979,32,32.19,"bilingual",45,55,0,"French","Mother and Father","Y","Y","Y","Y","Y","bothFilled",102,7,300,2015-12-19,1,FALSE,1,13,"y",45,"50_50",324,0,0,409,109,402,511,32.6333333333333,"50_50",402,109,300,7,"French",402,109,300,7,307,0.786692759295499,0.399217221135029,0.151785714285714
"6589","6589_2015-12-20","M","CrossPrime30",921,30,30.28,"bilingual",43,57,0,"French","Mother","Y","Y","Y","Y","Y","bothFilled",32,35,60,2015-12-20,1,FALSE,1,16,"n",43,"50_50",418,0,0,127,67,92,159,30.7,"60_40",92,67,60,35,"French",92,67,60,35,95,0.578616352201258,0.40251572327044,0.0476190476190476
"7194","7194_2016-01-16","M","Dis32",1003,32,32.98,"bilingual",47.7,52.3,0,"French","Mother","Y","Y","Y","Y","Y","bothFilled",121,344,22,2016-01-16,1,FALSE,1,16,"n",47.7,"50_50",287,0,0,487,465,143,608,33.4333333333333,"50_50",143,465,22,344,"English",465,143,344,22,366,0.764802631578947,0.398026315789474,0.180059523809524
"7738","7738_2016-01-17","F","ReMix20",608,19,19.99,"bilingual",57,43,0,"English","Mother","Y","Y","Y","Y","Y","bothFilled",213,241,23,2016-01-17,1,TRUE,2,16,"n",43,"50_50",368,0,0,477,454,236,690,20.2666666666667,"60_40",454,236,241,23,"English",454,236,241,23,264,0.657971014492754,0.617391304347826,0.316964285714286
"7140","7140_2016-01-24","F","Dis32",1019,33,33.5,"bilingual",71.15,28.85,0,"English","Mother and Father","Y","Y","Y","Y","Y","bothFilled",213,281,25,2016-01-24,1,FALSE,1,16,"n",28.85,"70_30",317,0,0,519,494,238,732,33.9666666666667,"80_20",494,238,281,25,"English",494,238,281,25,306,0.674863387978142,0.581967213114754,0.316964285714286
"41945","41945_2016-02-03","F","CrossPrime30",923,30,30.35,"bilingual",65.86,26.6,7.53,"English","Mother","Y","Y","Y","Y","Y","bothFilled",95,371,10,2016-02-03,1,FALSE,1,16,"y",30.37,"60_40",132,0,0,476,466,105,571,30.7666666666667,"80_20",466,105,371,10,"English",466,105,371,10,381,0.816112084063047,0.332749562171629,0.141369047619048
"7057","7057_2016-02-08","F","CrossPrime30",914,30,30.05,"bilingual",75,25,0,"English","Mother","Y","Y","Y","Y","Y","bothFilled",13,275,1,2016-02-08,2,TRUE,2,18,"n",25,"70_30",454,0,0,289,288,14,302,30.4666666666667,"80_20",288,14,275,1,"English",288,14,275,1,276,0.95364238410596,0.0860927152317881,0.0193452380952381
"9139","9139_2016-02-19","M","CrossPrime30",946,31,31.1,"bilingual",37,59,4,"French","Mother","Y","Y","Y","Y","Y","bothFilled",75,36,131,2016-02-19,2,TRUE,2,18,"y",39,"60_40",240,0,0,242,111,206,317,31.5333333333333,"60_40",206,111,131,36,"French",206,111,131,36,167,0.649842271293375,0.473186119873817,0.111607142857143
"7028","7028_2016-02-27","F","CrossPrime30",910,29,29.92,"bilingual",47.68,47,5.32,"English","Father","Y","Y","Y","Y","Y","bothFilled",42,132,16,2016-02-27,1,FALSE,1,18,"y",49.66,"50_50",36,0,0,190,174,58,232,30.3333333333333,"50_50",174,58,132,16,"English",174,58,132,16,148,0.75,0.362068965517241,0.0625
"6975","6975_2016-03-02","M","CrossPrime30",935,30,30.74,"bilingual",62.28,37.72,0,"English","Mother","Y","Y","Y","Y","Y","bothFilled",148,63,100,2016-03-02,1,FALSE,1,13,"n",37.72,"60_40",552,0,0,311,211,248,459,31.1666666666667,"60_40",211,248,63,100,"French",248,211,100,63,163,0.540305010893246,0.644880174291939,0.220238095238095
"42171","42171_2016-03-04","F","Dis32",1000,32,32.88,"bilingual",62.75,37.25,0,"English","Mother","Y","Y","Y","Y","Y","bothFilled",174,232,50,2016-03-04,1,FALSE,1,21,"y",37.25,"60_40",167,0,0,456,406,224,630,33.3333333333333,"70_30",406,224,232,50,"English",406,224,232,50,282,0.644444444444444,0.552380952380952,0.258928571428571
"7778","7778_2016-03-17","F","CrossPrime30",913,30,30.02,"bilingual",66.89,33.11,0,"English","Mother","Y","Y","Y","Y","Y","bothFilled",102,407,3,2016-03-17,1,FALSE,1,16,"n",33.11,"60_40",81,0,0,512,509,105,614,30.4333333333333,"70_30",509,105,407,3,"English",509,105,407,3,410,0.828990228013029,0.332247557003257,0.151785714285714
"6896","6896_2016-04-14","M","Dis32",983,32,32.32,"bilingual",30.5,69.5,0,"French","Mother","Y","Y","Y","Y","Y","bothFilled",44,8,212,2016-04-14,2,TRUE,2,16,"y",30.5,"60_40",269,0,0,264,52,256,308,32.7666666666667,"80_20",256,52,212,8,"French",256,52,212,8,220,0.831168831168831,0.285714285714286,0.0654761904761905
"6965","6965_2016-05-04","M","Dis32",983,32,32.32,"bilingual",27,73,0,"French","Mother","Y","Y","Y","Y","Y","bothFilled",66,49,226,2016-05-04,1,FALSE,1,18,"y",27,"70_30",542,0,0,341,115,292,407,32.7666666666667,"80_20",292,115,226,49,"French",292,115,226,49,275,0.717444717444717,0.324324324324324,0.0982142857142857
"8330","8330_2016-05-08","M","ReMix20",608,19,19.99,"bilingual",29,68,3,"French","Mother and Father","Y","Y","Y","Y","Y","bothFilled",9,7,27,2016-05-08,1,FALSE,1,18,"y",30.5,"60_40",259,0,0,43,16,36,52,20.2666666666667,"80_20",36,16,27,7,"French",36,16,27,7,34,0.692307692307692,0.346153846153846,0.0133928571428571
"6853","6853_2016-05-13","M","Dis32",993,32,32.65,"bilingual",35.5,64.5,0,"French","Mother","Y","Y","Y","Y","Y","bothFilled",136,31,281,2016-05-13,1,FALSE,1,18,"y",35.5,"60_40",76,0,0,448,167,417,584,33.1,"70_30",417,167,281,31,"French",417,167,281,31,312,0.714041095890411,0.465753424657534,0.202380952380952
"8442","8442_2016-05-22","F","ReMix20",621,20,20.42,"bilingual",42.56,57.44,0,"French","Mother","Y","Y","Y","Y","Y","bothFilled",36,16,53,2016-05-22,1,TRUE,2,18,"y",42.56,"50_50",527,0,0,105,52,89,141,20.7,"60_40",89,52,53,16,"French",89,52,53,16,69,0.631205673758865,0.51063829787234,0.0535714285714286
"9105","9105_2016-07-21","M","CrossPrime30",924,30,30.38,"bilingual",30,70,0,"French","Mother","Y","Y","Y","Y","Y","bothFilled",25,5,179,2016-07-21,2,TRUE,2,18,"y",30,"70_30",578,0,0,209,30,204,234,30.8,"80_20",204,30,179,5,"French",204,30,179,5,184,0.871794871794872,0.213675213675214,0.037202380952381
"8156","8156_2016-07-22","M","CrossPrime30",944,31,31.04,"bilingual",60,35,5,"English","Mother","Y","Y","Y","Y","Y","bothFilled",26,391,4,2016-07-22,1,TRUE,2,15,"n",37.5,"60_40",197,0,0,421,417,30,447,31.4666666666667,"70_30",417,30,391,4,"English",417,30,391,4,395,0.932885906040268,0.116331096196868,0.0386904761904762
"9127","9127_2016-07-28","M","CrossPrime30",927,30,30.48,"bilingual",63,29,8,"English",NA,"Y","Y","Y","Y","Y","bothFilled",25,249,11,2016-07-28,1,FALSE,1,13,"y",33,"60_40",396,0,0,285,274,36,310,30.9,"70_30",274,36,249,11,"English",274,36,249,11,260,0.883870967741936,0.161290322580645,0.037202380952381
"42052","42052_2016-08-04","F","Dis32",1004,33,33.01,"bilingual",66,34,0,"English","Mother","Y","Y","Y","Y","Y","bothFilled",409,173,54,2016-08-04,1,FALSE,1,16,"y",34,"60_40",241,0,0,636,582,463,1045,33.4666666666667,"70_30",582,463,173,54,"English",582,463,173,54,227,0.556937799043062,0.782775119617225,0.608630952380952
"7918","7918_2016-08-13","M","CrossPrime30",931,30,30.61,"bilingual",34,66,0,"French","Mother","Y","Y","Y","Y","Y","bothFilled",182,90,62,2016-08-13,1,FALSE,1,18,"y",34,"60_40",529,0,0,334,272,244,516,31.0333333333333,"70_30",244,272,62,90,"English",272,244,90,62,152,0.527131782945736,0.705426356589147,0.270833333333333
"8069","8069_2016-09-09","F","Dis32",1010,33,33.21,"bilingual",26,74,0,"French","Mother","Y","Y","Y","Y","Y","bothFilled",102,7,399,2016-09-09,1,FALSE,1,16,"y",26,"70_30",479,0,0,508,109,501,610,33.6666666666667,"80_20",501,109,399,7,"French",501,109,399,7,406,0.821311475409836,0.334426229508197,0.151785714285714
"8181","8181_2016-09-10","M","Dis32",988,32,32.48,"bilingual",63,37,0,"English","Mother","Y","Y","Y","Y","Y","bothFilled",281,371,24,2016-09-10,1,FALSE,1,12,"y",37,"60_40",543,0,0,676,652,305,957,32.9333333333333,"70_30",652,305,371,24,"English",652,305,371,24,395,0.681295715778474,0.587251828631139,0.418154761904762
"42537","42537_2016-09-16","F","ReMix20",638,20,20.98,"bilingual",73,27,0,"English","Mother","Y","Y","Y","Y","Y","bothFilled",61,175,24,2016-09-16,1,FALSE,1,18,"y",27,"70_30",103,0,0,260,236,85,321,21.2666666666667,"80_20",236,85,175,24,"English",236,85,175,24,199,0.735202492211838,0.38006230529595,0.0907738095238095
"42685","42685_2016-09-24","M","Dis32",1008,33,33.14,"bilingual",45.5,52,3,"French","Mother","Y","Y","Y","Y","Y","bothFilled",39,56,22,2016-09-24,1,FALSE,1,10,"y",46.75,"50_50",284,0,0,117,95,61,156,33.6,"50_50",61,95,22,56,"English",95,61,56,22,78,0.608974358974359,0.5,0.0580357142857143
"8156","8156_2016-09-25","M","Dis32",1009,33,33.17,"bilingual",69,26,5,"English","Mother","Y","Y","Y","Y","Y","bothFilled",33,428,4,2016-09-25,2,TRUE,2,13,"n",28.5,"70_30",197,0,0,465,461,37,498,33.6333333333333,"80_20",461,37,428,4,"English",461,37,428,4,432,0.92570281124498,0.132530120481928,0.0491071428571429
"8630","8630_2016-10-15","F","ReMix20",617,20,20.28,"bilingual",43,57,0,"French","Mother","Y","Y","Y","Y","Y","bothFilled",78,58,99,2016-10-15,1,FALSE,1,18,"n",43,"50_50",607,0,0,235,136,177,313,20.5666666666667,"60_40",177,136,99,58,"French",177,136,99,58,157,0.565495207667732,0.498402555910543,0.116071428571429
"44037","44037_2016-11-12","F","CrossPrime30",931,30,30.61,"bilingual",63,27,10,"English","Father","Y","Y","Y","Y","Y","bothFilled",68,207,26,2016-11-12,1,FALSE,1,16,"n",32,"60_40",251,0,0,301,275,94,369,31.0333333333333,"70_30",275,94,207,26,"English",275,94,207,26,233,0.745257452574526,0.368563685636856,0.101190476190476
"7738","7738_2016-11-13","F","CrossPrime30",909,29,29.88,"bilingual",42,58,0,"French","Mother","Y","Y","Y","Y","Y","bothFilled",202,429,6,2016-11-13,2,TRUE,2,16,NA,42,"50_50",368,0,0,637,631,208,839,30.3,"60_40",208,631,6,429,"English",631,208,429,6,435,0.752085816448153,0.481525625744934,0.300595238095238
"43833","43833_2016-11-17","F","LittlePrince18",562,18,18.48,"bilingual",60,40,0,"English","Mother","Y","Y","Y","Y","Y","bothFilled",20,64,15,2016-11-17,1,FALSE,1,16,"n",40,"60_40",32,0,0,99,84,35,119,18.7333333333333,"60_40",84,35,64,15,"English",84,35,64,15,79,0.705882352941177,0.336134453781513,0.0297619047619048
"43635","43635_2016-11-18","M","LittlePrince18",562,18,18.48,"bilingual",32,68,0,"French","Mother","Y","Y","Y","Y","Y","bothFilled",34,39,16,2016-11-18,1,FALSE,1,15,"n",32,"60_40",75,0,0,89,73,50,123,18.7333333333333,"70_30",50,73,16,39,"English",73,50,39,16,55,0.59349593495935,0.552845528455285,0.0505952380952381
"43738","43738_2016-12-11","M","LittlePrince18",580,19,19.07,"bilingual",67,26,7,"English","Grandmother","Y","Y","Y","Y","Y","bothFilled",8,14,4,2016-12-11,1,FALSE,1,18,"y",29.5,"70_30",221,0,0,26,22,12,34,19.3333333333333,"80_20",22,12,14,4,"English",22,12,14,4,18,0.647058823529412,0.470588235294118,0.0119047619047619
"43789","43789_2016-12-16","M","LittlePrince18",577,18,18.97,"bilingual",28,72,0,"French","Mother","Y","Y","Y","Y","Y","bothFilled",4,2,1,2016-12-16,1,FALSE,1,15,"y",28,"70_30",128,0,0,7,6,5,11,19.2333333333333,"80_20",5,6,1,2,"English",6,5,2,1,3,0.545454545454545,0.727272727272727,0.00595238095238095
"8854","8854_2017-01-05","M","CrossPrime30",924,30,30.38,"bilingual",26,74,0,"French","Father","Y","Y","Y","Y","Y","bothFilled",74,19,246,2017-01-05,1,FALSE,1,13,"y",26,"70_30",219,0,0,339,93,320,413,30.8,"80_20",320,93,246,19,"French",320,93,246,19,265,0.774818401937046,0.358353510895884,0.110119047619048
"42270","42270_2017-01-11","F","ReMix20",601,19,19.76,"bilingual",66,34,0,"English","Father","Y","Y","Y","Y","Y","bothFilled",52,139,21,2017-01-11,1,FALSE,1,21,"y",34,"60_40",188,0,0,212,191,73,264,20.0333333333333,"70_30",191,73,139,21,"English",191,73,139,21,160,0.723484848484849,0.393939393939394,0.0773809523809524
"43631","43631_2017-01-20","F","CrossPrime30",912,29,29.98,"bilingual",70,30,0,"English","Mother","Y","Y","Y","Y","Y","bothFilled",52,472,2,2017-01-20,1,TRUE,2,18,"y",30,"70_30",524,0,0,526,524,54,578,30.4,"80_20",524,54,472,2,"English",524,54,472,2,474,0.906574394463668,0.179930795847751,0.0773809523809524
"44632","44632_2017-01-21","M","LittlePrince18",578,19,19,"bilingual",29,70,1,"French","Mother","Y","Y","Y","Y","Y","bothFilled",5,9,8,2017-01-21,1,FALSE,1,18,"y",29.5,"70_30",60,0,0,22,14,13,27,19.2666666666667,"80_20",13,14,8,9,"English",14,13,9,8,17,0.518518518518518,0.37037037037037,0.00744047619047619
"42730","42730_2017-01-22","F","LittlePrince18",564,18,18.54,"bilingual",69,31,0,"English","Mother","Y","Y","Y","Y","Y","bothFilled",29,65,36,2017-01-22,1,FALSE,1,16,"y",31,"60_40",553,0,0,130,94,65,159,18.8,"80_20",94,65,65,36,"English",94,65,65,36,101,0.591194968553459,0.364779874213836,0.0431547619047619
"44614","44614_2017-01-28","M","ReMix20",631,20,20.75,"bilingual",49,51,0,"French","Mother","Y","Y","Y","Y","Y","bothFilled",6,20,2,2017-01-28,1,FALSE,1,15,"y",49,"50_50",487,0,0,28,26,8,34,21.0333333333333,"50_50",8,26,2,20,"English",26,8,20,2,22,0.764705882352941,0.352941176470588,0.00892857142857143
"42681","42681_2017-01-29","M","LittlePrince18",560,18,18.41,"bilingual",55,45,0,"English","Mother","Y","Y","Y","Y","Y","bothFilled",10,1,42,2017-01-29,1,FALSE,1,18,"n",45,"50_50",208,0,0,53,11,52,63,18.6666666666667,"50_50",11,52,1,42,"French",52,11,42,1,43,0.825396825396825,0.317460317460317,0.0148809523809524
"43638","43638_2017-03-01","M","Dis32",1014,33,33.34,"bilingual",64,37,0,"English","Mother","Y","Y","Y","Y","Y","bothFilled",137,495,8,2017-03-01,1,FALSE,1,18,"n",36.5,"60_40",21,0,0,640,632,145,777,33.8,"70_30",632,145,495,8,"English",632,145,495,8,503,0.813384813384813,0.352638352638353,0.203869047619048
"43847","43847_2017-03-09","F","LittlePrince18",583,19,19.17,"bilingual",64,36,0,"English","Mother","Y","Y","Y","Y","Y","bothFilled",17,38,15,2017-03-09,1,FALSE,1,13,"n",36,"60_40",49,0,0,70,55,32,87,19.4333333333333,"70_30",55,32,38,15,"English",55,32,38,15,53,0.632183908045977,0.390804597701149,0.025297619047619
"43631","43631_2017-04-06","F","DisLearn32",988,32,32.48,"bilingual",67,33,0,"English","Mother","Y","Y","Y","Y","Y","bothFilled",160,445,8,2017-04-06,2,TRUE,2,18,"y",33,"60_40",524,0,0,613,605,168,773,32.9333333333333,"70_30",605,168,445,8,"English",605,168,445,8,453,0.782664941785252,0.413971539456662,0.238095238095238
"43444","43444_2017-04-08","F","DisLearn32",968,31,31.82,"bilingual",63,37,0,"English","Mother","Y","Y","Y","Y","Y","bothFilled",9,193,1,2017-04-08,1,FALSE,1,11,"y",37,"60_40",566,0,0,203,202,10,212,32.2666666666667,"70_30",202,10,193,1,"English",202,10,193,1,194,0.952830188679245,0.0849056603773585,0.0133928571428571
"43621","43621_2017-04-17","F","CogControl20",617,20,20.28,"bilingual",27,73,0,"French","Mother","Y","Y","Y","Y","Y","bothFilled",20,4,225,2017-04-17,1,FALSE,1,18,"n",27,"70_30",598,0,0,249,24,245,269,20.5666666666667,"80_20",245,24,225,4,"French",245,24,225,4,229,0.910780669144981,0.148698884758364,0.0297619047619048
"43897","43897_2017-05-01","F","CogControl20",633,20,20.81,"bilingual",69,31,0,"English","Mother","Y","Y","Y","Y","Y","bothFilled",34,71,18,2017-05-01,1,FALSE,1,15,"y",31,"60_40",382,0,0,123,105,52,157,21.1,"80_20",105,52,71,18,"English",105,52,71,18,89,0.668789808917197,0.43312101910828,0.0505952380952381
"8442","8442_2017-05-06","F","DisLearn32",970,31,31.89,"bilingual",40,60,0,"French","Mother","Y","Y","Y","Y","Y","bothFilled",73,20,193,2017-05-06,2,TRUE,2,16,"y",40,"60_40",527,0,0,286,93,266,359,32.3333333333333,"60_40",266,93,193,20,"French",266,93,193,20,213,0.740947075208914,0.406685236768802,0.108630952380952
"8364","8364_2017-05-23","M","DisLearn32",979,32,32.19,"bilingual",48,53,0,"French","Mother","Y","Y","Y","Y","Y","bothFilled",138,87,73,2017-05-23,1,FALSE,1,16,"n",47.5,"50_50",434,0,0,298,225,211,436,32.6333333333333,"50_50",211,225,73,87,"English",225,211,87,73,160,0.51605504587156,0.63302752293578,0.205357142857143
"8338","8338_2017-05-29","M","DisLearn32",994,32,32.68,"bilingual",37,59,5,"French",NA,"Y","Y","Y","Y","Y","bothFilled",106,22,179,2017-05-29,1,FALSE,1,18,"y",39,"60_40",248,0,0,307,128,285,413,33.1333333333333,"60_40",285,128,179,22,"French",285,128,179,22,201,0.690072639225182,0.513317191283293,0.157738095238095
"8350","8350_2017-06-03","F","DisLearn32",995,32,32.71,"bilingual",62,39,0,"English",NA,"Y","Y","Y","Y","Y","bothFilled",253,139,58,2017-06-03,1,FALSE,1,18,"n",38.5,"60_40",572,0,0,450,392,311,703,33.1666666666667,"60_40",392,311,139,58,"English",392,311,139,58,197,0.557610241820768,0.71977240398293,0.376488095238095
"8694","8694_2017-06-08","F","DisLearn32",963,31,31.66,"bilingual",56,44,0,"English","Mother","Y","Y","Y","Y","Y","bothFilled",205,187,45,2017-06-08,1,FALSE,1,13,"y",44,"50_50",29,0,0,437,392,250,642,32.1,"50_50",392,250,187,45,"English",392,250,187,45,232,0.610591900311526,0.638629283489097,0.305059523809524
"8329","8329_2017-06-10","F","DisLearn32",989,32,32.52,"bilingual",37,60,2,"French","Mother and Father","Y","Y","Y","Y","Y","bothFilled",107,13,309,2017-06-10,1,FALSE,1,16,"y",38.5,"60_40",122,0,0,429,120,416,536,32.9666666666667,"60_40",416,120,309,13,"French",416,120,309,13,322,0.776119402985075,0.399253731343284,0.15922619047619
"8674","8674_2017-06-12","F","DisLearn32",979,32,32.19,"bilingual",69,31,0,"English","Mother","Y","Y","Y","Y","Y","bothFilled",17,523,2,2017-06-12,2,TRUE,2,16,"y",31,"60_40",114,0,0,542,540,19,559,32.6333333333333,"80_20",540,19,523,2,"English",540,19,523,2,525,0.966010733452594,0.0608228980322004,0.025297619047619
"8810","8810_2017-06-12","M","DisLearn32",972,31,31.96,"bilingual",63,36,1,"English","Mother","Y","Y","Y","Y","Y","bothFilled",11,240,1,2017-06-12,1,FALSE,1,16,"y",36.5,"60_40",298,0,0,252,251,12,263,32.4,"70_30",251,12,240,1,"English",251,12,240,1,241,0.954372623574145,0.0836501901140684,0.0163690476190476
"8713","8713_2017-07-08","M","DisLearn32",1007,33,33.11,"bilingual",63,38,0,"English",NA,"Y","Y","Y","Y","Y","bothFilled",99,457,10,2017-07-08,1,FALSE,1,16,"y",37.5,"60_40",596,0,0,566,556,109,665,33.5666666666667,"70_30",556,109,457,10,"English",556,109,457,10,467,0.83609022556391,0.297744360902256,0.147321428571429
"42296","42296_2017-07-13","F","DisLearn32",984,32,32.35,"bilingual",48,52,0,"French","Mother and Father","Y","Y","Y","Y","Y","bothFilled",20,140,1,2017-07-13,1,FALSE,1,13,"y",48,"50_50",371,0,0,161,160,21,181,32.8,"50_50",21,160,1,140,"English",160,21,140,1,141,0.883977900552486,0.220994475138122,0.0297619047619048
"44124","44124_2017-07-28","F","LittlePrince18",577,18,18.97,"bilingual",33,67,0,"French","Mother","Y","Y","Y","Y","Y","bothFilled",9,9,38,2017-07-28,1,FALSE,1,18,"n",33,"60_40",88,0,0,56,18,47,65,19.2333333333333,"70_30",47,18,38,9,"French",47,18,38,9,47,0.723076923076923,0.276923076923077,0.0133928571428571
"44236","44236_2017-09-17","M","CogControl20",638,20,20.98,"bilingual",29,71,0,"French","Mother","Y","Y","Y","Y","Y","bothFilled",2,1,55,2017-09-17,1,FALSE,1,18,"n",29,"70_30",505,0,0,58,3,57,60,21.2666666666667,"80_20",57,3,55,1,"French",57,3,55,1,56,0.95,0.0666666666666667,0.00297619047619048
"46630","46630_2017-10-18","F","FacePrince18",561,18,18.44,"bilingual",75,25,0,"English",NA,"Y","Y","Y","Y","Y","bothFilled",28,154,6,2017-10-18,1,FALSE,1,12,"y",25,"70_30",124,0,0,188,182,34,216,18.7,"80_20",182,34,154,6,"English",182,34,154,6,160,0.842592592592593,0.259259259259259,0.0416666666666667
"44008","44008_2017-10-21","F","FacePrince18",585,19,19.23,"bilingual",28,72,0,"French","Mother","Y","Y","Y","Y","Y","bothFilled",45,34,73,2017-10-21,1,FALSE,1,21,"n",28,"70_30",283,0,0,152,79,118,197,19.5,"80_20",118,79,73,34,"French",118,79,73,34,107,0.598984771573604,0.456852791878173,0.0669642857142857
"45605","45605_2017-10-27","F","CogControl20",606,19,19.92,"bilingual",59,41,1,"English","Mother","Y","Y","Y","Y","Y","bothFilled",22,50,16,2017-10-27,1,TRUE,2,21,"n",41,"50_50",380,0,0,88,72,38,110,20.2,"60_40",72,38,50,16,"English",72,38,50,16,66,0.654545454545455,0.4,0.0327380952380952
"46642","46642_2017-11-06","F","FacePrince18",560,18,18.41,"bilingual",67,33,0,"English",NA,"Y","Y","Y","Y","Y","bothFilled",16,86,8,2017-11-06,1,FALSE,1,21,"y",33,"60_40",509,0,0,110,102,24,126,18.6666666666667,"70_30",102,24,86,8,"English",102,24,86,8,94,0.80952380952381,0.253968253968254,0.0238095238095238
"46258","46258_2017-11-10","F","CogControl20",623,20,20.48,"bilingual",59,41,0,"English","Mother","Y","Y","Y","Y","Y","bothFilled",13,40,9,2017-11-10,1,FALSE,1,16,"y",41,"50_50",203,0,0,62,53,22,75,20.7666666666667,"60_40",53,22,40,9,"English",53,22,40,9,49,0.706666666666667,0.346666666666667,0.0193452380952381
"46209","46209_2017-11-15","M","CogControl20",636,20,20.91,"bilingual",51,49,0,"English",NA,"Y","Y","Y","Y","Y","bothFilled",10,8,78,2017-11-15,1,TRUE,2,18,"y",49,"50_50",140,0,0,96,18,88,106,21.2,"50_50",18,88,8,78,"French",88,18,78,8,86,0.830188679245283,0.188679245283019,0.0148809523809524
"44611","44611_2017-11-19","F","FacePrince18",562,18,18.48,"bilingual",60,30,10,"English",NA,"Y","Y","Y","Y","Y","bothFilled",7,46,3,2017-11-19,1,TRUE,2,16,"y",35,"60_40",46,0,0,56,53,10,63,18.7333333333333,"70_30",53,10,46,3,"English",53,10,46,3,49,0.841269841269841,0.222222222222222,0.0104166666666667
"43349","43349_2017-11-24","M","CogControl20",627,20,20.61,"bilingual",35,65,0,"French",NA,"Y","Y","Y","Y","Y","bothFilled",31,24,47,2017-11-24,1,FALSE,1,18,"y",35,"60_40",38,0,0,102,55,78,133,20.9,"70_30",78,55,47,24,"French",78,55,47,24,71,0.586466165413534,0.466165413533835,0.0461309523809524
"45757","45757_2017-11-30","F","CogControl20",610,20,20.05,"bilingual",63,37,0,"English","Mother","Y","Y","Y","Y","Y","bothFilled",4,19,20,2017-11-30,1,TRUE,2,18,"n",37,"60_40",307,0,0,43,23,24,47,20.3333333333333,"70_30",23,24,19,20,"French",24,23,20,19,39,0.51063829787234,0.170212765957447,0.00595238095238095
"48215","48215_2018-01-28","F","FacePrince18",582,19,19.13,"bilingual",49,51,0,"French","Father","Y","Y","Y","Y","Y","bothFilled",8,6,28,2018-01-28,1,TRUE,2,18,"y",49,"50_50",425,0,0,42,14,36,50,19.4,"50_50",36,14,28,6,"French",36,14,28,6,34,0.72,0.32,0.0119047619047619
"48215","48215_2018-03-10","F","CogControl20",623,20,20.48,"bilingual",64,36,0,"English","Mother and Father","Y","Y","Y","Y","Y","bothFilled",25,38,21,2018-03-10,2,TRUE,2,18,"y",36,"60_40",425,0,0,84,63,46,109,20.7666666666667,"70_30",63,46,38,21,"English",63,46,38,21,59,0.577981651376147,0.458715596330275,0.037202380952381
"45221","45221_2018-04-17","M","CogControl20",632,20,20.78,"bilingual",31,69,0,"French",NA,"Y","Y","Y","Y","Y","bothFilled",26,21,30,2018-04-17,1,FALSE,1,18,"y",31,"60_40",495,0,0,77,47,56,103,21.0666666666667,"80_20",56,47,30,21,"French",56,47,30,21,51,0.543689320388349,0.504854368932039,0.0386904761904762
"44784","44784_2018-05-06","M","CogControl20",629,20,20.68,"bilingual",33,67,0,"French","Mother","Y","Y","Y","Y","Y","bothFilled",7,8,15,2018-05-06,1,FALSE,1,18,"n",33,"60_40",416,0,0,30,15,22,37,20.9666666666667,"70_30",22,15,15,8,"French",22,15,15,8,23,0.594594594594595,0.378378378378378,0.0104166666666667
"49262","49262_2018-05-18","F","CogControl20",636,20,20.91,"bilingual",48,53,0,"French","Mother","Y","Y","Y","Y","Y","bothFilled",159,80,90,2018-05-18,1,FALSE,1,16,"y",47.5,"50_50",515,0,0,329,239,249,488,21.2,"50_50",249,239,90,80,"French",249,239,90,80,170,0.510245901639344,0.651639344262295,0.236607142857143
"47537","47537_2018-05-22","M","CogControl20",609,20,20.02,"bilingual",63,37,0,"English","Mother","Y","Y","Y","Y","Y","bothFilled",4,5,0,2018-05-22,2,TRUE,3,18,"y",37,"60_40",44,0,0,9,9,4,13,20.3,"70_30",9,4,5,0,"English",9,4,5,0,5,0.692307692307692,0.615384615384615,0.00595238095238095
"49058","49058_2018-05-25","M","CogControl20",598,19,19.66,"bilingual",51,50,0,"English","Mother","Y","Y","Y","Y","Y","bothFilled",22,14,21,2018-05-25,1,FALSE,1,16,"y",49.5,"50_50",474,0,0,57,36,43,79,19.9333333333333,"50_50",36,43,14,21,"French",43,36,21,14,35,0.544303797468354,0.556962025316456,0.0327380952380952
"47313","47313_2018-05-28","F","CogControl20",621,20,20.42,"bilingual",47,53,0,"French","Mother","Y","Y","Y","Y","Y","bothFilled",19,34,21,2018-05-28,1,TRUE,2,16,"n",47,"50_50",394,0,0,74,53,40,93,20.7,"50_50",40,53,21,34,"English",53,40,34,21,55,0.56989247311828,0.408602150537634,0.0282738095238095
"47266","47266_2018-05-29","F","CogControl20",631,20,20.75,"bilingual",54,46,0,"English","Mother","Y","Y","Y","Y","Y","bothFilled",11,22,21,2018-05-29,1,TRUE,2,16,"y",46,"50_50",183,0,0,54,33,32,65,21.0333333333333,"50_50",33,32,22,21,"English",33,32,22,21,43,0.507692307692308,0.338461538461538,0.0163690476190476
"45552","45552_2018-06-10","M","CogControl20",631,20,20.75,"bilingual",55,45,0,"English","Mother","Y","Y","Y","Y","Y","bothFilled",10,26,16,2018-06-10,1,FALSE,1,NA,"n",45,"50_50",507,0,0,52,36,26,62,21.0333333333333,"50_50",36,26,26,16,"English",36,26,26,16,42,0.580645161290323,0.32258064516129,0.0148809523809524
"48056","48056_2018-06-13","M","FacePrince18",565,18,18.58,"bilingual",70,30,0,"English","Mother","Y","Y","Y","Y","Y","bothFilled",13,23,9,2018-06-13,1,TRUE,2,16,"n",30,"70_30",3,0,0,45,36,22,58,18.8333333333333,"80_20",36,22,23,9,"English",36,22,23,9,32,0.620689655172414,0.448275862068966,0.0193452380952381
"47873","47873_2018-06-21","M","CogControl20",606,19,19.92,"bilingual",48,52,0,"French","Mother","Y","Y","Y","Y","Y","bothFilled",6,36,32,2018-06-21,1,FALSE,1,18,"y",48,"50_50",206,0,0,74,42,38,80,20.2,"50_50",38,42,32,36,"English",42,38,36,32,68,0.525,0.15,0.00892857142857143
"45000","45000_2018-06-23","M","CogMisp24",746,24,24.53,"bilingual",48,52,0,"French","Mother","Y","Y","Y","Y","Y","bothFilled",50,14,97,2018-06-23,1,FALSE,1,18,"y",48,"50_50",274,0,0,161,64,147,211,24.8666666666667,"50_50",147,64,97,14,"French",147,64,97,14,111,0.696682464454976,0.4739336492891,0.0744047619047619
"48960","48960_2018-06-23","M","CogMisp24",775,25,25.48,"bilingual",38,62,0,"French","Mother","Y","Y","Y","Y","Y","bothFilled",145,81,170,2018-06-23,1,FALSE,1,18,"n",38,"60_40",328,0,0,396,226,315,541,25.8333333333333,"60_40",315,226,170,81,"French",315,226,170,81,251,0.582255083179298,0.536044362292052,0.21577380952381
"46471","46471_2018-06-25","M","CogMisp24",775,25,25.48,"bilingual",61,38,1,"English","Mother","Y","Y","Y","Y","Y","bothFilled",9,17,15,2018-06-25,1,FALSE,1,21,"n",38.5,"60_40",311,0,0,41,26,24,50,25.8333333333333,"60_40",26,24,17,15,"English",26,24,17,15,32,0.52,0.36,0.0133928571428571
"46956","46956_2018-07-07","F","CogMisp24",817,26,26.86,"bilingual",62,38,0,"English","Mother","Y","Y","Y","Y","Y","bothFilled",109,256,14,2018-07-07,1,FALSE,1,16,"n",38,"60_40",18,0,0,379,365,123,488,27.2333333333333,"60_40",365,123,256,14,"English",365,123,256,14,270,0.747950819672131,0.44672131147541,0.162202380952381
"46209","46209_2018-07-08","M","CogMisp24",871,28,28.64,"bilingual",42,58,0,"French","Mother","Y","Y","Y","Y","Y","bothFilled",65,13,252,2018-07-08,2,TRUE,2,18,"n",42,"50_50",140,0,0,330,78,317,395,29.0333333333333,"60_40",317,78,252,13,"French",317,78,252,13,265,0.80253164556962,0.329113924050633,0.0967261904761905
"45757","45757_2018-07-09","F","CogMisp24",831,27,27.32,"bilingual",63,37,0,"English","Mother","Y","Y","Y","Y","Y","bothFilled",28,132,49,2018-07-09,2,TRUE,2,18,"n",37,"60_40",307,0,0,209,160,77,237,27.7,"70_30",160,77,132,49,"English",160,77,132,49,181,0.675105485232067,0.236286919831224,0.0416666666666667
"45605","45605_2018-07-13","F","CogMisp24",865,28,28.44,"bilingual",59,40,2,"English","Mother","Y","Y","Y","Y","Y","bothFilled",158,281,16,2018-07-13,2,TRUE,2,21,"n",40.5,"50_50",380,0,0,455,439,174,613,28.8333333333333,"60_40",439,174,281,16,"English",439,174,281,16,297,0.716150081566069,0.515497553017945,0.235119047619048
"49068","49068_2018-07-14","M","FacePrince18",570,18,18.74,"bilingual",35,66,0,"French","Father","Y","Y","Y","Y","Y","bothFilled",9,4,19,2018-07-14,1,FALSE,1,13,"y",34.5,"60_40",239,0,0,32,13,28,41,19,"70_30",28,13,19,4,"French",28,13,19,4,23,0.682926829268293,0.439024390243902,0.0133928571428571
"49060","49060_2018-07-21","M","CogControl20",606,19,19.92,"bilingual",47,53,0,"French","Mother","Y","Y","Y","Y","Y","bothFilled",1,11,5,2018-07-21,2,TRUE,2,16,"y",47,"50_50",216,0,0,17,12,6,18,20.2,"50_50",6,12,5,11,"English",12,6,11,5,16,0.666666666666667,0.111111111111111,0.00148809523809524
"45238","45238_2018-07-21","M","CogMisp24",723,23,23.77,"bilingual",59,41,0,"English","Mother","Y","Y","Y","Y","Y","bothFilled",18,57,24,2018-07-21,1,FALSE,1,11,"n",41,"50_50",427,0,0,99,75,42,117,24.1,"60_40",75,42,57,24,"English",75,42,57,24,81,0.641025641025641,0.307692307692308,0.0267857142857143
"46440","46440_2018-07-22","F","CogControl20",611,20,20.09,"bilingual",65,35,0,"English","Mother","Y","Y","Y","Y","Y","bothFilled",12,6,40,2018-07-22,1,FALSE,1,18,"n",35,"60_40",612,0,0,58,18,52,70,20.3666666666667,"70_30",18,52,6,40,"French",52,18,40,6,46,0.742857142857143,0.342857142857143,0.0178571428571429
"46787","46787_2018-07-25","F","CogMisp24",838,27,27.55,"bilingual",30,65,5,"French",NA,"Y","Y","Y","Y","Y","bothFilled",20,11,284,2018-07-25,1,FALSE,1,16,"n",32.5,"60_40",448,0,0,315,31,304,335,27.9333333333333,"70_30",304,31,284,11,"French",304,31,284,11,295,0.907462686567164,0.119402985074627,0.0297619047619048
"44731","44731_2018-07-27","F","CogMisp24",808,26,26.56,"bilingual",74,26,0,"English","Mother","Y","Y","Y","Y","Y","bothFilled",19,14,83,2018-07-27,1,FALSE,1,18,"y",26,"70_30",109,0,0,116,33,102,135,26.9333333333333,"80_20",33,102,14,83,"French",102,33,83,14,97,0.755555555555556,0.281481481481481,0.0282738095238095
"48056","48056_2018-08-04","M","CogControl20",617,20,20.28,"bilingual",63,37,0,"English","Mother","Y","Y","Y","Y","Y","bothFilled",34,30,29,2018-08-04,2,TRUE,2,16,"y",37,"60_40",3,0,0,93,64,63,127,20.5666666666667,"70_30",64,63,30,29,"English",64,63,30,29,59,0.503937007874016,0.535433070866142,0.0505952380952381
"49465","49465_2018-08-04","M","CogMisp24",792,26,26.04,"bilingual",61,39,0,"English","Mother","Y","Y","Y","Y","Y","bothFilled",20,389,5,2018-08-04,1,FALSE,1,13,"n",39,"60_40",58,0,0,414,409,25,434,26.4,"60_40",409,25,389,5,"English",409,25,389,5,394,0.942396313364055,0.0921658986175115,0.0297619047619048
"44482","44482_2018-08-05","M","CogMisp24",811,26,26.66,"bilingual",73,27,0,"English","Mother","Y","Y","Y","Y","Y","bothFilled",20,120,4,2018-08-05,1,FALSE,1,16,"n",27,"70_30",150,0,0,144,140,24,164,27.0333333333333,"80_20",140,24,120,4,"English",140,24,120,4,124,0.853658536585366,0.24390243902439,0.0297619047619048
"44453","44453_2018-08-08","F","CogMisp24",828,27,27.22,"bilingual",67,33,0,"English","Mother","Y","Y","Y","Y","Y","bothFilled",40,224,12,2018-08-08,1,FALSE,1,11,"y",33,"60_40",95,0,0,276,264,52,316,27.6,"70_30",264,52,224,12,"English",264,52,224,12,236,0.835443037974684,0.253164556962025,0.0595238095238095
"45392","45392_2018-08-12","M","CogMisp24",772,25,25.38,"bilingual",65,35,0,"English","Mother","Y","Y","Y","Y","Y","bothFilled",17,336,4,2018-08-12,1,FALSE,1,15,"y",35,"60_40",65,0,0,357,353,21,374,25.7333333333333,"70_30",353,21,336,4,"English",353,21,336,4,340,0.943850267379679,0.0909090909090909,0.025297619047619
"46895","46895_2018-08-13","M","CogMisp24",836,27,27.48,"bilingual",35,65,0,"French","Mother","Y","Y","Y","Y","Y","bothFilled",76,9,300,2018-08-13,1,FALSE,1,16,"n",35,"60_40",614,0,0,385,85,376,461,27.8666666666667,"70_30",376,85,300,9,"French",376,85,300,9,309,0.815618221258134,0.329718004338395,0.113095238095238
"48783","48783_2018-08-14","F","FacePrince18",559,18,18.38,"bilingual",38,62,0,"French","Mother","Y","Y","Y","Y","Y","bothFilled",13,7,38,2018-08-14,1,TRUE,2,16,"y",38,"60_40",320,0,0,58,20,51,71,18.6333333333333,"60_40",51,20,38,7,"French",51,20,38,7,45,0.71830985915493,0.366197183098592,0.0193452380952381
"49562","49562_2018-08-15","F","FacePrince18",575,18,18.9,"bilingual",29,71,0,"French","Mother","Y","Y","Y","Y","Y","bothFilled",25,18,122,2018-08-15,1,FALSE,1,21,"y",29,"70_30",149,0,0,165,43,147,190,19.1666666666667,"80_20",147,43,122,18,"French",147,43,122,18,140,0.773684210526316,0.263157894736842,0.037202380952381
"48167","48167_2018-08-19","M","CogControl20",624,20,20.52,"bilingual",55,41,4,"English",NA,"Y","Y","Y","Y","Y","bothFilled",2,10,19,2018-08-19,1,FALSE,1,21,"y",43,"50_50",82,0,0,31,12,21,33,20.8,"60_40",12,21,10,19,"French",21,12,19,10,29,0.636363636363636,0.121212121212121,0.00297619047619048
"48817","48817_2018-08-19","M","CogControl20",624,20,20.52,"bilingual",52,38,10,"English",NA,"Y","Y","Y","Y","Y","bothFilled",7,15,3,2018-08-19,2,TRUE,2,16,"y",43,"50_50",305,0,0,25,22,10,32,20.8,"60_40",22,10,15,3,"English",22,10,15,3,18,0.6875,0.4375,0.0104166666666667
"44078","44078_2018-08-22","M","CogMisp24",723,23,23.77,"bilingual",66,34,0,"English","Mother","Y","Y","Y","Y","Y","bothFilled",44,235,12,2018-08-22,1,FALSE,1,16,"n",34,"60_40",271,0,0,291,279,56,335,24.1,"70_30",279,56,235,12,"English",279,56,235,12,247,0.832835820895522,0.262686567164179,0.0654761904761905
"49415","49415_2018-09-11","F","FacePrince18",561,18,18.44,"bilingual",71,29,0,"English","Mother","Y","Y","Y","Y","Y","bothFilled",167,219,17,2018-09-11,1,FALSE,1,21,"n",29,"70_30",420,0,0,403,386,184,570,18.7,"80_20",386,184,219,17,"English",386,184,219,17,236,0.67719298245614,0.585964912280702,0.248511904761905
"47266","47266_2018-09-15","F","CogMisp24",740,24,24.33,"bilingual",46,54,0,"French","Mother","Y","Y","Y","Y","Y","bothFilled",21,23,69,2018-09-15,2,TRUE,2,16,"y",46,"50_50",183,0,0,113,44,90,134,24.6666666666667,"50_50",90,44,69,23,"French",90,44,69,23,92,0.671641791044776,0.313432835820896,0.03125
"47313","47313_2018-09-19","F","CogMisp24",735,24,24.16,"bilingual",29,71,0,"French","Mother","Y","Y","Y","Y","Y","bothFilled",83,119,44,2018-09-19,2,TRUE,2,16,"n",29,"70_30",394,0,0,246,202,127,329,24.5,"80_20",127,202,44,119,"English",202,127,119,44,163,0.613981762917933,0.504559270516717,0.123511904761905
"47537","47537_2018-10-05","M","CogMisp24",745,24,24.49,"bilingual",62,38,0,"English","Mother","Y","Y","Y","Y","Y","bothFilled",11,22,3,2018-10-05,3,TRUE,3,18,"y",38,"60_40",44,0,0,36,33,14,47,24.8333333333333,"60_40",33,14,22,3,"English",33,14,22,3,25,0.702127659574468,0.468085106382979,0.0163690476190476
"48460","48460_2018-10-13","F","CogControl20",622,20,20.45,"bilingual",44,56,0,"French","Father","Y","Y","Y","Y","Y","bothFilled",32,32,22,2018-10-13,2,TRUE,2,18,"y",44,"50_50",619,0,0,86,64,54,118,20.7333333333333,"50_50",54,64,22,32,"English",64,54,32,22,54,0.542372881355932,0.542372881355932,0.0476190476190476
"49279","49279_2018-10-24","M","CogControl20",622,20,20.45,"bilingual",34,66,0,"French","Mother","Y","Y","Y","Y","Y","bothFilled",20,15,46,2018-10-24,1,FALSE,1,16,"n",34,"60_40",312,0,0,81,35,66,101,20.7333333333333,"70_30",66,35,46,15,"French",66,35,46,15,61,0.653465346534653,0.396039603960396,0.0297619047619048
"48783","48783_2018-11-04","F","CogControl20",641,21,21.07,"bilingual",31,69,0,"French","Mother","Y","Y","Y","Y","Y","bothFilled",32,11,159,2018-11-04,2,TRUE,2,16,"y",31,"60_40",320,0,0,202,43,191,234,21.3666666666667,"80_20",191,43,159,11,"French",191,43,159,11,170,0.816239316239316,0.273504273504274,0.0476190476190476
"46882","46882_2018-11-09","M","CogMisp24",928,30,30.51,"bilingual",27,73,0,"French","Mother","Y","Y","Y","Y","Y","bothFilled",42,3,351,2018-11-09,1,FALSE,1,18,"y",27,"70_30",266,0,0,396,45,393,438,30.9333333333333,"80_20",393,45,351,3,"French",393,45,351,3,354,0.897260273972603,0.191780821917808,0.0625
"43567","43567_2018-11-10","M","CogMisp24",903,29,29.69,"bilingual",36,64,0,"French","Mother and Father","Y","Y","Y","Y","Y","bothFilled",380,85,113,2018-11-10,1,FALSE,1,NA,"n",36,"60_40",70,0,0,578,465,493,958,30.1,"70_30",493,465,113,85,"French",493,465,113,85,198,0.514613778705637,0.793319415448852,0.56547619047619
"46880","46880_2018-11-19","F","CogMisp24",938,30,30.84,"bilingual",26,74,0,"French","Mother","Y","Y","Y","Y","Y","bothFilled",86,26,203,2018-11-19,1,FALSE,1,NA,"n",26,"70_30",62,0,0,315,112,289,401,31.2666666666667,"80_20",289,112,203,26,"French",289,112,203,26,229,0.72069825436409,0.428927680798005,0.12797619047619
